"","new.pr","mean_lcp","mean_geo","mean_pass"
"1",1,-98.8239549084903,-68.2975472043217,-79.0189264035481
"2",2,-54.6841595498643,-42.4014250052702,-52.7354010537673
"3",3,-29.1065687009678,-23.5002358518919,-29.6492098275245
"4",4,-15.2834640244765,-12.5170426678982,-15.9086959130099
"5",5,-7.10691137598867,-5.8165412424427,-7.58457036339784
"6",6,-1.86457747418608,-1.45252414453921,-2.23732111523746
"7",7,1.71268060414346,1.55187728383055,1.38976006508874
"8",8,4.2740806848511,3.7145377545221,3.96355694871792
"9",9,6.17885583481481,5.32808500239756,5.85838624821933
"10",10,7.63904645830273,6.56757459361106,7.2961087064083
"11",11,8.78661135047412,7.54293924089383,8.41466602907254
"12",12,9.7073437497754,8.32610787231104,9.30341771027788
"13",13,10.4591018960369,8.96581214834781,10.0223226616551
"14",14,11.0821339861679,9.49606652850613,10.6128476460182
"15",15,11.6051920993783,9.94123153433971,11.1044315127859
"16",16,12.0492938573589,10.3191486652003,11.5184570907328
"17",17,12.4301149530577,10.6431440623762,11.8707707677167
"18",18,12.7595556923249,10.9233454933783,12.1733265013515
"19",19,13.0467932846683,11.1675697262362,12.4352857394558
"20",20,13.2990049255259,11.3819337977026,12.6637699678423
"21",21,13.5218748383222,11.5712845089013,12.8643860346244
"22",22,13.7199563583783,11.7395056348121,13.0415995601204
"23",23,13.8969347882628,11.8897412426818,13.1990047541175
"24",24,14.0558210870797,12.0245604292175,13.3395223118084
"25",25,14.1990965481525,12.1460804837675,13.4655465522738
"26",26,14.3288222206686,12.2560601075855,13.5790561944326
"27",27,14.4467226182993,12.3559707709498,13.681698721611
"28",28,14.5542504354582,12.4470519077324,13.7748553174904
"29",29,14.6526370701377,12.530354022149,13.8596913413143
"30",30,14.7429324241282,12.6067726577606,13.9371959221932
"31",31,14.826036520789,12.6770753896928,14.0082132828963
"32",32,14.90272482003,12.7419234403521,14.0734677177358
"33",33,14.9736686357543,12.801889115803,14.1335836582174
"34",34,15.0394517164713,12.8574699669522,14.1891019047655
"35",35,15.1005837969373,12.9091003644887,14.2404928429002
"36",36,15.1575117413157,12.9571610169592,14.2881672702588
"37",37,15.2106287582257,13.001986841951,14.3324853177427
"38",38,15.2602820623536,13.0438735102455,14.3737638404704
"39",39,15.3067792769242,13.0830829142513,14.4122825726496
"40",40,15.3503938097429,13.1198477594701,14.4482892781756
"41",41,15.3913693879744,13.1543754371771,14.4820040808173
"42",42,15.4299238998824,13.1868513049491,14.5136231207074
"43",43,15.4662526628531,13.2174414769972,14.5433216548797
"44",44,15.5005312142757,13.2462952068284,14.571256696865
"45",45,15.5329177038471,13.2735469293773,14.597569272406
"46",46,15.5635549515276,13.2993180174955,14.6223863541061
"47",47,15.5925722238979,13.3237182978825,14.6458225264539
"48",48,15.620086772436,13.346847363647,14.6679814235413
"49",49,15.6462051697664,13.3687957143129,14.6889569744375
"50",50,15.6710244738741,13.3896457488991,14.708834485225
"51",51,15.6946332453287,13.4094726334769,14.7276915818521
"52",52,15.7171124385134,13.4283450611443,14.7455990340003
"53",53,15.7385361845185,13.4463259195091,14.7626214769094
"54",54,15.7589724806086,13.4634728784171,14.7788180454291
"55",55,15.778483798889,13.4798389087131,14.79424293235
"56",56,15.7971276248979,13.4954727411982,14.8089458812295
"57",57,15.8149569352678,13.5104192735935,14.8229726223963
"58",58,15.832020622268,13.5247199321831,14.8363652595404
"59",59,15.8483638719277,13.5384129938569,14.8491626132198
"60",60,15.8640285014961,13.5515338734696,14.8614005267158
"61",61,15.8790532612,13.5641153807526,14.8731121389045
"62",62,15.8934741045863,13.5761879504366,14.8843281281713
"63",63,15.9073244311615,13.5877798487561,14.8950769308464
"64",64,15.9206353045519,13.598917359086,14.9053849371745
"65",65,15.9334356489884,13.6096249491051,14.9152766674358
"66",66,15.9457524265638,13.6199254215721,14.924774930496
"67",67,15.9576107973988,13.6298400505413,14.9339009667712
"68",68,15.9690342645909,13.6393887046129,14.9426745773443
"69",69,15.9800448055894,13.6485899586217,14.9511142407528
"70",70,15.9906629914412,13.6574611949959,14.9592372187842
"71",71,16.0009080951814,13.666018695873,14.967059652451
"72",72,16.0107981904927,13.6742777269301,14.9745966491797
"73",73,16.0203502416273,13.6822526137761,14.9818623621266
"74",74,16.0295801854721,13.6899568116584,14.988870062427
"75",75,16.0385030065381,13.6974029691464,14.9956322050921
"76",76,16.0471328055688,13.7046029863871,15.0021604891881
"77",77,16.0554828623856,13.7115680684576,15.0084659128604
"78",78,16.0635656935215,13.7183087742841,15.0145588237042
"79",79,16.071393105135,13.7248350615485,15.0204489649289
"80",80,16.0789762416454,13.7311563279547,15.0261455177153
"81",81,16.0863256304823,13.737281449193,15.0316571401217
"82",82,16.0934512233043,13.7432188139028,15.036992002859
"83",83,16.1003624340033,13.7489763559028,15.0421578222215
"84",84,16.1070681737811,13.7545615839334,15.0471618904286
"85",85,16.1135768835549,13.7599816091304,15.0520111036115
"86",86,16.1198965639232,13.7652431704252,15.0567119876509
"87",87,16.1260348029023,13.7703526580518,15.0612707220532
"88",88,16.1319988016223,13.7753161353212,15.0656931620355
"89",89,16.1377953981532,13.7801393588075,15.0699848589725
"90",90,16.1434310896177,13.7848277970793,15.0741510793418
"91",91,16.1489120527292,13.7893866480949,15.0781968222949
"92",92,16.1542441628854,13.7938208553714,15.082126835966
"93",93,16.1594330119309,13.7981351230238,15.0859456326229
"94",94,16.1644839246972,13.8023339297671,15.0896575027528
"95",95,16.1694019744138,13.8064215419608,15.0932665281682
"96",96,16.1741919970803,13.8104020257718,15.0967765942111
"97",97,16.1788586048777,13.8142792585227,15.1001914011257
"98",98,16.1834061986943,13.8180569392886,15.1035144746636
"99",99,16.1878389798306,13.821738598799,15.1067491759823
"100",100,16.1921609609469,13.8253276086966,15.109898710888
"101",101,16.1963759763076,13.8288271902004,15.1129661384745
"102",102,16.2004876913755,13.8322404222177,15.1159543792018
"103",103,16.2044996118016,13.8355702489446,15.1188662224564
"104",104,16.2084150918556,13.8388194869915,15.1217043336308
"105",105,16.2122373423354,13.8419908320679,15.1244712607571
"106",106,16.2159694379932,13.8450868652578,15.1271694407275
"107",107,16.2196143245116,13.8481100589135,15.1298012051295
"108",108,16.2231748250614,13.8510627821958,15.1323687857245
"109",109,16.2266536464687,13.853947306283,15.1348743195934
"110",110,16.2300533850191,13.8567658092727,15.1373198539735
"111",111,16.233376531923,13.8595203807968,15.1397073508066
"112",112,16.2366254784639,13.8622130263682,15.142038691019
"113",113,16.2398025208521,13.8648456714782,15.1443156785503
"114",114,16.2429098648016,13.8674201654599,15.1465400441496
"115",115,16.2459496298494,13.8699382851333,15.1487134489517
"116",116,16.2489238534332,13.8724017382463,15.1508374878511
"117",117,16.2518344947433,13.8748121667242,15.1529136926837
"118",118,16.2546834383624,13.877171149741,15.154943535231
"119",119,16.2574724977074,13.879480206622,15.1569284300572
"120",120,16.2602034182851,13.8817407995897,15.1588697371894
"121",121,16.2628778807733,13.883954336362,15.1607687646517
"122",122,16.265497503938,13.8861221726123,15.1626267708617
"123",123,16.2680638473974,13.8882456142987,15.1644449668977
"124",124,16.2705784142403,13.8903259198722,15.1662245186458
"125",125,16.2730426535096,13.8923643023691,15.1679665488325
"126",126,16.2754579625572,13.8943619313962,15.1696721389504
"127",127,16.2778256892793,13.8963199350135,15.1713423310846
"128",128,16.2801471342374,13.898239401522,15.1729781296438
"129",129,16.2824235526742,13.9001213811612,15.1745805030023
"130",130,16.2846561564272,13.9019668877213,15.1761503850596
"131",131,16.2868461157485,13.903776900076,15.17768867672
"132",132,16.2889945610351,13.9055523636391,15.1791962472983
"133",133,16.2911025844748,13.9072941917504,15.1806739358563
"134",134,16.2931712416117,13.9090032669939,15.1821225524721
"135",135,16.2952015528376,13.9106804424534,15.1835428794479
"136",136,16.2971945048113,13.9123265429063,15.1849356724588
"137",137,16.299151051811,13.9139423659628,15.1863016616464
"138",138,16.3010721170233,13.9155286831499,15.1876415526588
"139",139,16.302958593772,13.9170862409452,15.1889560276428
"140",140,16.3048113466894,13.9186157617627,15.1902457461878
"141",141,16.3066312128344,13.9201179448932,15.1915113462259
"142",142,16.308419002759,13.9215934674013,15.1927534448897
"143",143,16.3101755015266,13.9230429849815,15.1939726393311
"144",144,16.3119014696846,13.9244671327764,15.1951695075018
"145",145,16.313597644193,13.9258665261576,15.1963446088981
"146",146,16.3152647393121,13.9272417614714,15.1974984852723
"147",147,16.3169034474508,13.9285934167523,15.198631661312
"148",148,16.3185144399779,13.929922052405,15.1997446452886
"149",149,16.3200983679977,13.9312282118559,15.2008379296777
"150",150,16.3216558630925,13.9325124221773,15.2019119917512
"151",151,16.323187538033,13.9337751946841,15.2029672941442
"152",152,16.324693987458,13.9350170255048,15.2040042853967
"153",153,16.3261757885258,13.9362383961292,15.2050234004723
"154",154,16.3276335015377,13.9374397739317,15.206025061254
"155",155,16.3290676705361,13.9386216126732,15.2070096770194
"156",156,16.3304788238766,13.9397843529825,15.2079776448953
"157",157,16.3318674747774,13.9409284228169,15.2089293502934
"158",158,16.3332341218456,13.9420542379045,15.2098651673276
"159",159,16.3345792495825,13.943162202168,15.2107854592137
"160",160,16.3359033288676,13.9442527081314,15.2116905786532
"161",161,16.3372068174241,13.9453261373101,15.2125808682004
"162",162,16.3384901602646,13.9463828605861,15.2134566606153
"163",163,16.3397537901205,13.9474232385665,15.2143182792019
"164",164,16.3409981278525,13.9484476219302,15.2151660381321
"165",165,16.3422235828469,13.9494563517583,15.2160002427583
"166",166,16.3434305533951,13.9504497598538,15.2168211899114
"167",167,16.3446194270587,13.9514281690473,15.2176291681889
"168",168,16.3457905810208,13.9523918934918,15.2184244582302
"169",169,16.3469443824231,13.9533412389454,15.2192073329821
"170",170,16.3480811886911,13.954276503044,15.2199780579532
"171",171,16.3492013478461,13.9551979755627,15.220736891459
"172",172,16.3503051988055,13.956105938668,15.2214840848573
"173",173,16.3513930716726,13.9570006671604,15.2222198827746
"174",174,16.3524652880146,13.9578824287073,15.2229445233239
"175",175,16.3535221611311,13.9587514840686,15.2236582383143
"176",176,16.3545639963118,13.9596080873122,15.2243612534526
"177",177,16.3555910910857,13.9604524860231,15.2250537885373
"178",178,16.3566037354608,13.9612849215036,15.2257360576458
"179",179,16.3576022121546,13.9621056289677,15.2264082693141
"180",180,16.3585867968173,13.9629148377267,15.2270706267103
"181",181,16.359557758246,13.9637127713696,15.2277233278014
"182",182,16.3605153585922,13.9644996479364,15.2283665655142
"183",183,16.3614598535608,13.9652756800849,15.2290005278909
"184",184,16.3623914926034,13.9660410752525,15.2296253982377
"185",185,16.3633105191035,13.9667960358117,15.23024135527
"186",186,16.3642171705563,13.9675407592201,15.2308485732502
"187",187,16.3651116787418,13.9682754381653,15.231447222123
"188",188,16.3659942698914,13.969000260705,15.2320374676438
"189",189,16.3668651648501,13.9697154104023,15.232619471504
"190",190,16.3677245792318,13.9704210664554,15.2331933914512
"191",191,16.3685727235701,13.9711174038245,15.2337593814059
"192",192,16.3694098034637,13.9718045933531,15.2343175915732
"193",193,16.3702360197169,13.9724828018855,15.2348681685517
"194",194,16.3710515684759,13.9731521923809,15.2354112554376
"195",195,16.3718566413596,13.973812924023,15.2359469919268
"196",196,16.3726514255869,13.9744651523262,15.2364755144114
"197",197,16.3734361040994,13.9751090292386,15.2369969560753
"198",198,16.3742108556804,13.9757447032411,15.2375114469848
"199",199,16.3749758550696,13.9763723194436,15.2380191141769
"200",200,16.3757312730741,13.9769920196778,15.2385200817446
"201",201,16.3764772766765,13.9776039425875,15.2390144709198
"202",202,16.3772140291385,13.9782082237154,15.2395024001524
"203",203,16.3779416901018,13.9788049955874,15.2399839851882
"204",204,16.3786604156861,13.979394387794,15.2404593391429
"205",205,16.379370358583,13.9799765270697,15.2409285725749
"206",206,16.3800716681478,13.9805515373691,15.2413917935549
"207",207,16.3807644904881,13.9811195399412,15.2418491077337
"208",208,16.3814489685497,13.9816806534009,15.2423006184078
"209",209,16.3821252421996,13.982234993799,15.2427464265826
"210",210,16.3827934483071,13.9827826746889,15.2431866310342
"211",211,16.3834537208211,13.9833238071924,15.2436213283687
"212",212,16.3841061908467,13.9838585000627,15.24405061308
"213",213,16.3847509867183,13.9843868597461,15.2444745776053
"214",214,16.3853882340707,13.9849089904409,15.2448933123799
"215",215,16.3860180559081,13.9854249941555,15.2453069058889
"216",216,16.3866405726714,13.9859349707644,15.2457154447186
"217",217,16.3872559023029,13.986439018062,15.2461190136055
"218",218,16.3878641603094,13.9869372318157,15.2465176954845
"219",219,16.3884654598234,13.9874297058167,15.2469115715346
"220",220,16.3890599116625,13.9879165319296,15.2473007212244
"221",221,16.3896476243869,13.9883978001407,15.2476852223556
"222",222,16.3902287043551,13.9888735986043,15.248065151105
"223",223,16.390803255779,13.9893440136882,15.248440582066
"224",224,16.3913713807755,13.989809130018,15.2488115882881
"225",225,16.3919331794187,13.9902690305193,15.2491782413156
"226",226,16.3924887497891,13.9907237964595,15.2495406112253
"227",227,16.3930381880218,13.9911735074882,15.2498987666627
"228",228,16.3935815883539,13.991618241676,15.2502527748775
"229",229,16.3941190431696,13.9920580755527,15.250602701758
"230",230,16.394650643045,13.9924930841447,15.2509486118642
"231",231,16.3951764767906,13.99292334101,15.2512905684605
"232",232,16.3956966314935,13.9933489182741,15.2516286335469
"233",233,16.3962111925583,13.993769886663,15.2519628678899
"234",234,16.396720243746,13.9941863155371,15.2522933310516
"235",235,16.3972238672131,13.9945982729225,15.2526200814195
"236",236,16.3977221435486,13.9950058255427,15.2529431762336
"237",237,16.3982151518106,13.9954090388487,15.2532626716143
"238",238,16.3987029695616,13.9958079770484,15.2535786225886
"239",239,16.3991856729029,13.9962027031357,15.253891083116
"240",240,16.3996633365082,13.996593278918,15.2542001061137
"241",241,16.4001360336559,13.9969797650435,15.2545057434806
"242",242,16.4006038362612,13.9973622210278,15.2548080461214
"243",243,16.4010668149068,13.9977407052793,15.2551070639692
"244",244,16.4015250388728,13.9981152751245,15.2554028460085
"245",245,16.4019785761662,13.9984859868323,15.2556954402967
"246",246,16.402427493549,13.9988528956377,15.2559848939853
"247",247,16.4028718565664,13.9992160557647,15.2562712533405
"248",248,16.4033117295734,13.9995755204495,15.2565545637637
"249",249,16.4037471757614,13.9999313419613,15.2568348698107
"250",250,16.4041782571835,14.0002835716246,15.2571122152109
"251",251,16.4046050347797,14.0006322598395,15.2573866428857
"252",252,16.405027568401,14.000977456102,15.257658194967
"253",253,16.4054459168332,14.0013192090239,15.2579269128142
"254",254,16.4058601378201,14.0016575663517,15.2581928370318
"255",255,16.4062702880856,14.0019925749858,15.2584560074859
"256",256,16.406676423356,14.002324280998,15.2587164633203
"257",257,16.4070785983811,14.0026527296501,15.2589742429727
"258",258,16.4074768669553,14.0029779654108,15.2592293841898
"259",259,16.4078712819375,14.0033000319725,15.2594819240426
"260",260,16.4082618952712,14.003618972268,15.2597318989407
"261",261,16.4086487580037,14.0039348284867,15.259979344647
"262",262,16.409031920305,14.0042476420899,15.2602242962912
"263",263,16.4094114314859,14.0045574538261,15.2604667883837
"264",264,16.4097873400162,14.0048643037462,15.2607068548287
"265",265,16.4101596935421,14.005168231218,15.260944528937
"266",266,16.4105285389031,14.00546927494,15.2611798434387
"267",267,16.4108939221487,14.0057674729556,15.2614128304953
"268",268,16.4112558885545,14.0060628626663,15.261643521712
"269",269,16.4116144826384,14.0063554808454,15.2618719481489
"270",270,16.4119697481756,14.00664536365,15.2620981403327
"271",271,16.4123217282139,14.0069325466344,15.2623221282676
"272",272,16.4126704650885,14.0072170647619,15.2625439414464
"273",273,16.4130160004359,14.0074989524166,15.2627636088607
"274",274,16.4133583752087,14.0077782434155,15.2629811590114
"275",275,16.4136976296885,14.0080549710196,15.2631966199189
"276",276,16.4140338034998,14.0083291679449,15.2634100191326
"277",277,16.414366935623,14.0086008663737,15.2636213837407
"278",278,16.4146970644066,14.0088700979648,15.2638307403794
"279",279,16.4150242275806,14.0091368938639,15.2640381152423
"280",280,16.4153484622678,14.0094012847139,15.264243534089
"281",281,16.4156698049961,14.0096633006648,15.2644470222539
"282",282,16.4159882917101,14.0099229713829,15.2646486046548
"283",283,16.4163039577824,14.0101803260609,15.2648483058012
"284",284,16.4166168380246,14.0104353934265,15.2650461498022
"285",285,16.4169269666981,14.0106882017519,15.2652421603746
"286",286,16.417234377525,14.0109387788622,15.2654363608505
"287",287,16.4175391036981,14.0111871521441,15.2656287741852
"288",288,16.417841177891,14.0114333485545,15.265819422964
"289",289,16.4181406322684,14.0116773946286,15.26600832941
"290",290,16.4184374984952,14.0119193164877,15.2661955153906
"291",291,16.4187318077463,14.0121591398474,15.2663810024249
"292",292,16.4190235907159,14.0123968900252,15.26656481169
"293",293,16.4193128776261,14.0126325919476,15.2667469640279
"294",294,16.4195996982364,14.0128662701581,15.2669274799518
"295",295,16.4198840818516,14.0130979488238,15.2671063796521
"296",296,16.4201660573307,14.0133276517427,15.2672836830032
"297",297,16.4204456530951,14.0135554023506,15.2674594095688
"298",298,16.4207228971367,14.0137812237276,15.2676335786083
"299",299,16.4209978170256,14.0140051386047,15.2678062090822
"300",300,16.421270439918,14.0142271693706,15.267977319658
"301",301,16.4215407925639,14.0144473380774,15.2681469287153
"302",302,16.4218089013143,14.0146656664471,15.2683150543515
"303",303,16.4220747921282,14.0148821758776,15.2684817143871
"304",304,16.4223384905803,14.0150968874485,15.2686469263705
"305",305,16.4226000218677,14.0153098219268,15.2688107075833
"306",306,16.4228594108163,14.0155209997729,15.2689730750451
"307",307,16.423116681888,14.0157304411455,15.2691340455184
"308",308,16.4233718591869,14.0159381659077,15.2692936355132
"309",309,16.4236249664657,14.0161441936315,15.2694518612917
"310",310,16.423876027132,14.0163485436039,15.2696087388727
"311",311,16.4241250642544,14.0165512348311,15.2697642840362
"312",312,16.4243721005686,14.0167522860441,15.2699185123273
"313",313,16.4246171584829,14.0169517157031,15.2700714390611
"314",314,16.4248602600842,14.0171495420026,15.2702230793262
"315",315,16.4251014271437,14.0173457828758,15.2703734479891
"316",316,16.4253406811221,14.0175404559993,15.2705225596979
"317",317,16.4255780431754,14.0177335787977,15.2706704288867
"318",318,16.4258135341596,14.0179251684477,15.2708170697786
"319",319,16.4260471746365,14.0181152418824,15.2709624963902
"320",320,16.4262789848783,14.0183038157959,15.2711067225349
"321",321,16.4265089848728,14.0184909066468,15.2712497618262
"322",322,16.4267371943282,14.0186765306629,15.2713916276817
"323",323,16.4269636326778,14.0188607038445,15.2715323333263
"324",324,16.4271883190848,14.0190434419688,15.2716718917954
"325",325,16.4274112724467,14.0192247605934,15.2718103159386
"326",326,16.4276325114,14.0194046750601,15.2719476184224
"327",327,16.4278520543244,14.0195832004984,15.2720838117337
"328",328,16.4280699193472,14.0197603518294,15.2722189081827
"329",329,16.4282861243475,14.0199361437692,15.2723529199062
"330",330,16.4285006869604,14.0201105908319,15.2724858588703
"331",331,16.428713624581,14.0202837073335,15.2726177368734
"332",332,16.4289249543682,14.0204555073952,15.2727485655489
"333",333,16.4291346932491,14.0206260049459,15.2728783563684
"334",334,16.4293428579222,14.0207952137265,15.2730071206439
"335",335,16.4295494648617,14.020963147292,15.2731348695309
"336",336,16.4297545303208,14.0211298190151,15.2732616140309
"337",337,16.4299580703355,14.0212952420891,15.2733873649938
"338",338,16.430160100728,14.0214594295307,15.2735121331207
"339",339,16.4303606371104,14.021622394183,15.2736359289662
"340",340,16.4305596948877,14.0217841487183,15.273758762941
"341",341,16.4307572892617,14.0219447056407,15.273880645314
"342",342,16.4309534352338,14.022104077289,15.2740015862148
"343",343,16.4311481476084,14.0222622758396,15.2741215956363
"344",344,16.431341440996,14.0224193133084,15.2742406834361
"345",345,16.4315333298164,14.022575201554,15.2743588593398
"346",346,16.4317238283015,14.02272995228,15.2744761329422
"347",347,16.4319129504987,14.0228835770374,15.2745925137099
"348",348,16.4321007102734,14.0230360872272,15.2747080109835
"349",349,16.432287121312,14.0231874941026,15.2748226339791
"350",350,16.4324721971248,14.0233378087714,15.274936391791
"351",351,16.4326559510486,14.0234870421982,15.275049293393
"352",352,16.4328383962497,14.0236352052068,15.2751613476407
"353",353,16.4330195457262,14.0237823084824,15.2752725632733
"354",354,16.433199412311,14.0239283625735,15.2753829489157
"355",355,16.4333780086739,14.0240733778944,15.2754925130797
"356",356,16.4335553473244,14.024217364727,15.2756012641665
"357",357,16.4337314406145,14.024360333223,15.2757092104678
"358",358,16.4339063007402,14.0245022934058,15.2758163601682
"359",359,16.434079939745,14.0246432551725,15.2759227213462
"360",360,16.4342523695212,14.024783228296,15.2760283019764
"361",361,16.4344236018131,14.0249222224266,15.2761331099309
"362",362,16.4345936482187,14.0250602470942,15.2762371529807
"363",363,16.4347625201919,14.0251973117098,15.2763404387977
"364",364,16.4349302290451,14.0253334255676,15.276442974956
"365",365,16.4350967859508,14.0254685978465,15.2765447689333
"366",366,16.4352622019443,14.0256028376121,15.2766458281125
"367",367,16.4354264879252,14.0257361538183,15.2767461597833
"368",368,16.4355896546597,14.0258685553087,15.2768457711434
"369",369,16.4357517127827,14.0260000508189,15.2769446693
"370",370,16.4359126727993,14.0261306489773,15.2770428612712
"371",371,16.4360725450874,14.0262603583075,15.2771403539874
"372",372,16.436231339899,14.0263891872292,15.2772371542924
"373",373,16.4363890673623,14.0265171440602,15.277333268945
"374",374,16.4365457374836,14.0266442370174,15.27742870462
"375",375,16.4367013601487,14.026770474219,15.2775234679099
"376",376,16.4368559451254,14.0268958636853,15.2776175653256
"377",377,16.4370095020643,14.0270204133404,15.2777110032979
"378",378,16.4371620405014,14.0271441310137,15.2778037881786
"379",379,16.437313569859,14.0272670244409,15.2778959262421
"380",380,16.437464099448,14.027389101266,15.2779874236857
"381",381,16.4376136384688,14.027510369042,15.2780782866316
"382",382,16.4377621960137,14.0276308352325,15.2781685211274
"383",383,16.4379097810678,14.0277505072129,15.2782581331476
"384",384,16.438056402511,14.0278693922721,15.2783471285943
"385",385,16.4382020691189,14.0279874976129,15.2784355132988
"386",386,16.4383467895651,14.0281048303538,15.278523293022
"387",387,16.4384905724219,14.0282213975304,15.2786104734559
"388",388,16.4386334261623,14.028337206096,15.2786970602243
"389",389,16.438775359161,14.0284522629232,15.278783058884
"390",390,16.4389163796961,14.0285665748046,15.2788684749257
"391",391,16.4390564959501,14.0286801484547,15.2789533137749
"392",392,16.4391957160118,14.0287929905102,15.2790375807929
"393",393,16.4393340478768,14.0289051075314,15.2791212812778
"394",394,16.4394714994497,14.0290165060034,15.2792044204651
"395",395,16.4396080785446,14.0291271923371,15.2792870035289
"396",396,16.4397437928871,14.0292371728701,15.2793690355827
"397",397,16.4398786501146,14.0293464538677,15.2794505216801
"398",398,16.4400126577786,14.0294550415241,15.2795314668161
"399",399,16.4401458233449,14.0295629419633,15.2796118759273
"400",400,16.4402781541953,14.02967016124,15.2796917538931
"401",401,16.4404096576289,14.0297767053406,15.2797711055366
"402",402,16.4405403408627,14.0298825801841,15.2798499356249
"403",403,16.4406702110331,14.0299877916233,15.2799282488706
"404",404,16.4407992751971,14.0300923454452,15.2800060499318
"405",405,16.4409275403328,14.0301962473722,15.2800833434136
"406",406,16.4410550133413,14.030299503063,15.2801601338682
"407",407,16.441181701047,14.0304021181136,15.280236425796
"408",408,16.4413076101991,14.0305040980576,15.2803122236462
"409",409,16.4414327474724,14.0306054483677,15.2803875318175
"410",410,16.4415571194682,14.0307061744561,15.2804623546588
"411",411,16.4416807327156,14.0308062816754,15.2805366964701
"412",412,16.4418035936724,14.0309057753194,15.2806105615026
"413",413,16.4419257087257,14.0310046606241,15.2806839539601
"414",414,16.4420470841933,14.0311029427682,15.280756877999
"415",415,16.4421677263242,14.0312006268739,15.2808293377295
"416",416,16.4422876412999,14.0312977180077,15.2809013372157
"417",417,16.442406835235,14.0313942211813,15.2809728804766
"418",418,16.4425253141783,14.031490141352,15.2810439714866
"419",419,16.4426430841134,14.0315854834237,15.281114614176
"420",420,16.4427601509597,14.0316802522472,15.2811848124317
"421",421,16.4428765205736,14.0317744526217,15.2812545700978
"422",422,16.4429921987485,14.0318680892944,15.2813238909762
"423",423,16.4431071912164,14.0319611669622,15.2813927788268
"424",424,16.4432215036483,14.0320536902715,15.2814612373687
"425",425,16.4433351416549,14.0321456638196,15.2815292702803
"426",426,16.4434481107879,14.0322370921547,15.2815968811997
"427",427,16.4435604165402,14.032327979777,15.2816640737257
"428",428,16.4436720643469,14.032418331139,15.2817308514181
"429",429,16.443783059586,14.0325081506464,15.281797217798
"430",430,16.4438934075792,14.0325974426584,15.2818631763487
"431",431,16.4440031135926,14.0326862114886,15.2819287305159
"432",432,16.4441121828372,14.0327744614053,15.2819938837082
"433",433,16.4442206204699,14.0328621966323,15.2820586392978
"434",434,16.4443284315941,14.0329494213493,15.2821230006209
"435",435,16.4444356212603,14.0330361396926,15.2821869709779
"436",436,16.4445421944668,14.0331223557556,15.2822505536342
"437",437,16.4446481561602,14.0332080735892,15.2823137518206
"438",438,16.4447535112366,14.0332932972026,15.2823765687335
"439",439,16.4448582645414,14.0333780305636,15.2824390075356
"440",440,16.4449624208708,14.0334622775993,15.2825010713563
"441",441,16.4450659849716,14.0335460421964,15.2825627632919
"442",442,16.4451689615425,14.033629328202,15.2826240864064
"443",443,16.4452713552343,14.0337121394237,15.2826850437316
"444",444,16.4453731706506,14.0337944796304,15.2827456382675
"445",445,16.4454744123483,14.0338763525528,15.282805872983
"446",446,16.4455750848386,14.0339577618835,15.2828657508161
"447",447,16.4456751925867,14.034038711278,15.2829252746741
"448",448,16.4457747400133,14.0341192043548,15.2829844474344
"449",449,16.4458737314946,14.0341992446958,15.2830432719446
"450",450,16.4459721713631,14.034278835847,15.2831017510229
"451",451,16.4460700639076,14.034357981319,15.2831598874585
"452",452,16.4461674133747,14.034436684587,15.2832176840119
"453",453,16.4462642239685,14.0345149490916,15.2832751434155
"454",454,16.4463604998513,14.0345927782392,15.2833322683736
"455",455,16.4464562451442,14.0346701754021,15.2833890615631
"456",456,16.4465514639277,14.0347471439195,15.2834455256334
"457",457,16.446646160242,14.0348236870971,15.2835016632072
"458",458,16.4467403380875,14.0348998082084,15.2835574768805
"459",459,16.4468340014255,14.0349755104943,15.2836129692232
"460",460,16.4469271541783,14.0350507971641,15.2836681427792
"461",461,16.4470198002299,14.0351256713953,15.2837230000667
"462",462,16.4471119434265,14.0352001363346,15.2837775435787
"463",463,16.4472035875768,14.0352741950977,15.2838317757833
"464",464,16.4472947364526,14.03534785077,15.2838856991236
"465",465,16.4473853937889,14.0354211064071,15.2839393160187
"466",466,16.447475563285,14.0354939650345,15.2839926288634
"467",467,16.4475652486041,14.0355664296488,15.2840456400287
"468",468,16.4476544533744,14.0356385032174,15.2840983518622
"469",469,16.4477431811891,14.0357101886793,15.284150766688
"470",470,16.447831435607,14.0357814889448,15.2842028868077
"471",471,16.4479192201528,14.0358524068968,15.2842547144998
"472",472,16.4480065383177,14.03592294539,15.2843062520206
"473",473,16.4480933935594,14.0359931072523,15.2843575016042
"474",474,16.4481797893029,14.0360628952843,15.284408465463
"475",475,16.4482657289407,14.0361323122599,15.2844591457875
"476",476,16.4483512158332,14.036201360927,15.2845095447469
"477",477,16.448436253309,14.0362700440069,15.2845596644895
"478",478,16.4485208446652,14.0363383641957,15.2846095071427
"479",479,16.4486049931681,14.0364063241636,15.284659074813
"480",480,16.4486887020533,14.0364739265558,15.2847083695869
"481",481,16.448771974526,14.0365411739927,15.2847573935304
"482",482,16.4488548137615,14.0366080690701,15.2848061486901
"483",483,16.4489372229053,14.0366746143592,15.2848546370924
"484",484,16.4490192050739,14.0367408124075,15.2849028607446
"485",485,16.4491007633547,14.0368066657387,15.2849508216348
"486",486,16.4491819008065,14.0368721768527,15.2849985217319
"487",487,16.4492626204596,14.0369373482267,15.2850459629861
"488",488,16.4493429253167,14.0370021823144,15.2850931473293
"489",489,16.4494228183525,14.0370666815471,15.2851400766748
"490",490,16.4495023025145,14.0371308483336,15.2851867529178
"491",491,16.4495813807232,14.0371946850606,15.2852331779357
"492",492,16.4496600558721,14.0372581940926,15.2852793535881
"493",493,16.4497383308285,14.0373213777726,15.2853252817171
"494",494,16.4498162084335,14.0373842384222,15.2853709641476
"495",495,16.4498936915022,14.0374467783415,15.2854164026872
"496",496,16.4499707828243,14.0375089998099,15.2854615991268
"497",497,16.4500474851641,14.0375709050859,15.2855065552404
"498",498,16.450123801261,14.0376324964076,15.2855512727856
"499",499,16.4501997338294,14.0376937759927,15.2855957535035
"500",500,16.4502752855595,14.0377547460388,15.2856399991192
"501",501,16.4503504591172,14.0378154087238,15.2856840113417
"502",502,16.4504252571445,14.037875766206,15.2857277918643
"503",503,16.4504996822597,14.037935820624,15.2857713423646
"504",504,16.4505737370578,14.0379955740975,15.2858146645048
"505",505,16.4506474241103,14.0380550287271,15.2858577599318
"506",506,16.4507207459663,14.0381141865945,15.2859006302773
"507",507,16.4507937051518,14.0381730497631,15.2859432771582
"508",508,16.4508663041706,14.0382316202778,15.2859857021766
"509",509,16.4509385455044,14.0382899001651,15.28602790692
"510",510,16.4510104316129,14.0383478914338,15.2860698929615
"511",511,16.451081964934,14.0384055960749,15.2861116618596
"512",512,16.4511531478842,14.0384630160616,15.2861532151591
"513",513,16.4512239828589,14.03852015335,15.2861945543907
"514",514,16.4512944722324,14.0385770098787,15.286235681071
"515",515,16.4513646183582,14.0386335875694,15.2862765967033
"516",516,16.4514344235693,14.038689888327,15.2863173027772
"517",517,16.4515038901782,14.0387459140396,15.2863578007689
"518",518,16.4515730204776,14.0388016665788,15.2863980921414
"519",519,16.4516418167401,14.0388571478002,15.2864381783448
"520",520,16.4517102812185,14.0389123595428,15.286478060816
"521",521,16.4517784161463,14.03896730363,15.2865177409791
"522",522,16.4518462237376,14.0390219818691,15.2865572202459
"523",523,16.4519137061875,14.039076396052,15.2865965000151
"524",524,16.4519808656723,14.039130547955,15.2866355816736
"525",525,16.4520477043493,14.0391844393392,15.2866744665955
"526",526,16.4521142243577,14.0392380719504,15.2867131561432
"527",527,16.4521804278182,14.0392914475195,15.2867516516669
"528",528,16.4522463168334,14.0393445677626,15.286789954505
"529",529,16.452311893488,14.0393974343811,15.286828065984
"530",530,16.4523771598491,14.0394500490618,15.286865987419
"531",531,16.4524421179661,14.0395024134772,15.2869037201136
"532",532,16.4525067698711,14.0395545292857,15.2869412653597
"533",533,16.452571117579,14.0396063981313,15.2869786244384
"534",534,16.4526351630876,14.0396580216444,15.2870157986194
"535",535,16.4526989083782,14.0397094014413,15.2870527891613
"536",536,16.4527623554151,14.0397605391251,15.2870895973121
"537",537,16.4528255061463,14.0398114362849,15.2871262243089
"538",538,16.4528883625033,14.0398620944967,15.2871626713779
"539",539,16.4529509264017,14.0399125153233,15.287198939735
"540",540,16.4530131997409,14.0399627003142,15.2872350305856
"541",541,16.4530751844046,14.0400126510063,15.2872709451247
"542",542,16.4531368822608,14.0400623689233,15.2873066845371
"543",543,16.4531982951619,14.0401118555763,15.2873422499975
"544",544,16.4532594249452,14.040161112464,15.2873776426705
"545",545,16.4533202734327,14.0402101410725,15.2874128637108
"546",546,16.4533808424311,14.0402589428757,15.2874479142633
"547",547,16.4534411337326,14.040307519335,15.2874827954633
"548",548,16.4535011491144,14.0403558719003,15.2875175084364
"549",549,16.4535608903393,14.040404002009,15.2875520542985
"550",550,16.4536203591554,14.040451911087,15.2875864341564
"551",551,16.4536795572969,14.0404996005483,15.2876206491073
"552",552,16.4537384864835,14.0405470717954,15.2876547002393
"553",553,16.4537971484209,14.0405943262195,15.2876885886315
"554",554,16.4538555448011,14.0406413652001,15.2877223153537
"555",555,16.4539136773024,14.0406881901056,15.287755881467
"556",556,16.4539715475891,14.0407348022934,15.2877892880234
"557",557,16.4540291573125,14.0407812031097,15.2878225360663
"558",558,16.4540865081104,14.0408273938898,15.2878556266303
"559",559,16.4541436016072,14.0408733759583,15.2878885607416
"560",560,16.4542004394145,14.040919150629,15.2879213394177
"561",561,16.4542570231309,14.0409647192052,15.2879539636678
"562",562,16.454313354342,14.0410100829795,15.2879864344926
"563",563,16.4543694346209,14.0410552432343,15.2880187528849
"564",564,16.4544252655281,14.0411002012418,15.2880509198289
"565",565,16.4544808486116,14.0411449582637,15.2880829363011
"566",566,16.4545361854071,14.0411895155519,15.2881148032696
"567",567,16.454591277438,14.0412338743482,15.2881465216949
"568",568,16.4546461262158,14.0412780358844,15.2881780925296
"569",569,16.4547007332399,14.0413220013828,15.2882095167183
"570",570,16.4547550999979,14.0413657720557,15.2882407951982
"571",571,16.4548092279656,14.0414093491059,15.2882719288988
"572",572,16.4548631186072,14.0414527337267,15.2883029187418
"573",573,16.4549167733753,14.041495927102,15.2883337656418
"574",574,16.4549701937114,14.0415389304063,15.2883644705058
"575",575,16.4550233810453,14.041581744805,15.2883950342336
"576",576,16.4550763367959,14.0416243714541,15.2884254577176
"577",577,16.4551290623708,14.0416668115008,15.2884557418431
"578",578,16.4551815591669,14.0417090660832,15.2884858874883
"579",579,16.4552338285699,14.0417511363303,15.2885158955244
"580",580,16.455285871955,14.0417930233627,15.2885457668155
"581",581,16.4553376906866,14.0418347282921,15.2885755022189
"582",582,16.4553892861186,14.0418762522213,15.2886051025851
"583",583,16.4554406595943,14.041917596245,15.2886345687576
"584",584,16.4554918124469,14.0419587614491,15.2886639015735
"585",585,16.455542745999,14.0419997489111,15.2886931018631
"586",586,16.4555934615633,14.0420405597004,15.2887221704501
"587",587,16.4556439604423,14.042081194878,15.2887511081517
"588",588,16.4556942439284,14.0421216554967,15.2887799157788
"589",589,16.4557443133045,14.0421619426013,15.2888085941357
"590",590,16.4557941698431,14.0422020572286,15.2888371440204
"591",591,16.4558438148077,14.0422420004073,15.2888655662248
"592",592,16.4558932494515,14.0422817731585,15.2888938615344
"593",593,16.4559424750186,14.0423213764954,15.2889220307287
"594",594,16.4559914927437,14.0423608114233,15.288950074581
"595",595,16.4560403038518,14.0424000789401,15.2889779938586
"596",596,16.456088909559,14.042439180036,15.2890057893229
"597",597,16.4561373110719,14.0424781156938,15.2890334617292
"598",598,16.4561855095883,14.0425168868887,15.2890610118271
"599",599,16.4562335062968,14.0425554945886,15.2890884403604
"600",600,16.456281302377,14.0425939397542,15.2891157480671
"601",601,16.456328899,14.0426322233389,15.2891429356793
"602",602,16.4563762973278,14.0426703462889,15.2891700039239
"603",603,16.4564234985138,14.0427083095433,15.2891969535217
"604",604,16.4564705037029,14.0427461140342,15.2892237851884
"605",605,16.4565173140313,14.0427837606867,15.2892504996339
"606",606,16.4565639306269,14.0428212504191,15.2892770975628
"607",607,16.4566103546091,14.0428585841427,15.2893035796743
"608",608,16.4566565870891,14.0428957627621,15.2893299466623
"609",609,16.4567026291699,14.0429327871751,15.2893561992153
"610",610,16.4567484819462,14.0429696582731,15.2893823380167
"611",611,16.4567941465048,14.0430063769405,15.2894083637445
"612",612,16.4568396239244,14.0430429440554,15.2894342770718
"613",613,16.4568849152758,14.0430793604894,15.2894600786665
"614",614,16.4569300216219,14.0431156271077,15.2894857691914
"615",615,16.4569749440178,14.0431517447691,15.2895113493043
"616",616,16.4570196835109,14.043187714326,15.2895368196581
"617",617,16.4570642411411,14.0432235366248,15.2895621809008
"618",618,16.4571086179404,14.0432592125053,15.2895874336756
"619",619,16.4571528149336,14.0432947428016,15.2896125786206
"620",620,16.4571968331379,14.0433301283414,15.2896376163694
"621",621,16.4572406735631,14.0433653699466,15.2896625475508
"622",622,16.4572843372118,14.0434004684328,15.2896873727888
"623",623,16.4573278250792,14.0434354246101,15.2897120927028
"624",624,16.4573711381533,14.0434702392824,15.2897367079078
"625",625,16.4574142774152,14.0435049132479,15.2897612190138
"626",626,16.4574572438387,14.043539447299,15.2897856266268
"627",627,16.4575000383907,14.0435738422223,15.2898099313478
"628",628,16.4575426620312,14.043608098799,15.2898341337737
"629",629,16.4575851157132,14.0436422178045,15.2898582344968
"630",630,16.4576274003829,14.0436762000085,15.2898822341053
"631",631,16.45766951698,14.0437100461754,15.2899061331829
"632",632,16.4577114664372,14.0437437570641,15.2899299323088
"633",633,16.4577532496805,14.0437773334279,15.2899536320584
"634",634,16.4577948676297,14.043810776015,15.2899772330025
"635",635,16.4578363211977,14.0438440855679,15.2900007357079
"636",636,16.4578776112912,14.0438772628243,15.2900241407373
"637",637,16.4579187388102,14.0439103085161,15.2900474486493
"638",638,16.4579597046485,14.0439432233706,15.2900706599983
"639",639,16.4580005096938,14.0439760081094,15.2900937753347
"640",640,16.4580411548271,14.0440086634494,15.290116795205
"641",641,16.4580816409236,14.0440411901022,15.2901397201518
"642",642,16.4581219688522,14.0440735887746,15.2901625507135
"643",643,16.4581621394757,14.0441058601682,15.290185287425
"644",644,16.4582021536507,14.0441380049797,15.290207930817
"645",645,16.4582420122283,14.0441700239011,15.2902304814165
"646",646,16.4582817160531,14.0442019176194,15.2902529397469
"647",647,16.4583212659642,14.0442336868169,15.2902753063275
"648",648,16.4583606627948,14.0442653321709,15.2902975816741
"649",649,16.458399907372,14.0442968543543,15.2903197662987
"650",650,16.4584390005176,14.044328254035,15.2903418607099
"651",651,16.4584779430475,14.0443595318766,15.2903638654124
"652",652,16.4585167357719,14.0443906885378,15.2903857809073
"653",653,16.4585553794956,14.0444217246729,15.2904076076923
"654",654,16.4585938750177,14.0444526409316,15.2904293462615
"655",655,16.4586322231318,14.0444834379591,15.2904509971055
"656",656,16.4586704246261,14.0445141163961,15.2904725607114
"657",657,16.4587084802835,14.0445446768792,15.2904940375629
"658",658,16.4587463908813,14.0445751200402,15.2905154281402
"659",659,16.4587841571916,14.0446054465069,15.2905367329202
"660",660,16.4588217799813,14.0446356569025,15.2905579523766
"661",661,16.4588592600119,14.0446657518461,15.2905790869794
"662",662,16.45889659804,14.0446957319527,15.2906001371956
"663",663,16.4589337948167,14.0447255978328,15.2906211034888
"664",664,16.4589708510883,14.0447553500929,15.2906419863194
"665",665,16.4590077675958,14.0447849893354,15.2906627861446
"666",666,16.4590445450755,14.0448145161587,15.2906835034185
"667",667,16.4590811842583,14.0448439311567,15.2907041385917
"668",668,16.4591176858705,14.0448732349199,15.2907246921122
"669",669,16.4591540506334,14.0449024280344,15.2907451644243
"670",670,16.4591902792635,14.0449315110824,15.2907655559697
"671",671,16.4592263724724,14.0449604846421,15.2907858671869
"672",672,16.4592623309669,14.0449893492882,15.2908060985111
"673",673,16.4592981554492,14.045018105591,15.290826250375
"674",674,16.4593338466168,14.0450467541173,15.2908463232079
"675",675,16.4593694051623,14.0450752954301,15.2908663174364
"676",676,16.4594048317741,14.0451037300885,15.290886233484
"677",677,16.4594401271356,14.0451320586479,15.2909060717713
"678",678,16.4594752919258,14.0451602816601,15.2909258327162
"679",679,16.4595103268194,14.045188399673,15.2909455167336
"680",680,16.4595452324864,14.045216413231,15.2909651242355
"681",681,16.4595800095924,14.045244322875,15.2909846556314
"682",682,16.4596146587986,14.0452721291422,15.2910041113276
"683",683,16.4596491807618,14.045299832566,15.2910234917279
"684",684,16.4596835761347,14.0453274336767,15.2910427972334
"685",685,16.4597178455654,14.0453549330008,15.2910620282422
"686",686,16.4597519896979,14.0453823310615,15.29108118515
"687",687,16.4597860091721,14.0454096283783,15.2911002683497
"688",688,16.4598199046233,14.0454368254677,15.2911192782316
"689",689,16.4598536766832,14.0454639228423,15.2911382151833
"690",690,16.4598873259788,14.0454909210119,15.2911570795897
"691",691,16.4599208531335,14.0455178204824,15.2911758718334
"692",692,16.4599542587663,14.0455446217568,15.2911945922943
"693",693,16.4599875434923,14.0455713253346,15.2912132413496
"694",694,16.4600207079227,14.0455979317122,15.2912318193741
"695",695,16.4600537526646,14.0456244413825,15.2912503267402
"696",696,16.4600866783213,14.0456508548356,15.2912687638177
"697",697,16.460119485492,14.0456771725581,15.2912871309738
"698",698,16.4601521747721,14.0457033950335,15.2913054285737
"699",699,16.4601847467533,14.0457295227423,15.2913236569796
"700",700,16.4602172020234,14.0457555561618,15.2913418165518
"701",701,16.4602495411664,14.0457814957661,15.2913599076478
"702",702,16.4602817647625,14.0458073420265,15.2913779306231
"703",703,16.4603138733883,14.045833095411,15.2913958858307
"704",704,16.4603458676166,14.0458587563849,15.2914137736211
"705",705,16.4603777480167,14.0458843254102,15.2914315943427
"706",706,16.4604095151541,14.0459098029461,15.2914493483416
"707",707,16.4604411695907,14.045935189449,15.2914670359617
"708",708,16.4604727118849,14.0459604853719,15.2914846575443
"709",709,16.4605041425916,14.0459856911656,15.2915022134289
"710",710,16.460535462262,14.0460108072773,15.2915197039524
"711",711,16.460566671444,14.046035834152,15.2915371294498
"712",712,16.4605977706818,14.0460607722315,15.2915544902538
"713",713,16.4606287605164,14.0460856219548,15.2915717866949
"714",714,16.4606596414853,14.0461103837582,15.2915890191014
"715",715,16.4606904141226,14.0461350580754,15.2916061877997
"716",716,16.460721078959,14.046159645337,15.2916232931138
"717",717,16.4607516365218,14.0461841459711,15.2916403353658
"718",718,16.4607820873352,14.0462085604032,15.2916573148756
"719",719,16.46081243192,14.0462328890559,15.2916742319612
"720",720,16.4608426707938,14.0462571323493,15.2916910869383
"721",721,16.4608728044707,14.0462812907008,15.2917078801208
"722",722,16.460902833462,14.0463053645252,15.2917246118204
"723",723,16.4609327582755,14.0463293542346,15.2917412823469
"724",724,16.4609625794159,14.0463532602388,15.2917578920082
"725",725,16.4609922973849,14.0463770829447,15.29177444111
"726",726,16.461021912681,14.0464008227569,15.2917909299562
"727",727,16.4610514257996,14.0464244800773,15.2918073588488
"728",728,16.461080837233,14.0464480553056,15.2918237280877
"729",729,16.4611101474704,14.0464715488387,15.2918400379711
"730",730,16.4611393569983,14.0464949610712,15.2918562887951
"731",731,16.4611684662998,14.0465182923952,15.2918724808541
"732",732,16.4611974758552,14.0465415432004,15.2918886144405
"733",733,16.4612263861419,14.0465647138742,15.2919046898449
"734",734,16.4612551976343,14.0465878048014,15.291920707356
"735",735,16.4612839108039,14.0466108163645,15.2919366672609
"736",736,16.4613125261193,14.0466337489438,15.2919525698446
"737",737,16.4613410440462,14.0466566029171,15.2919684153904
"738",738,16.4613694650476,14.04667937866,15.29198420418
"739",739,16.4613977895835,14.0467020765456,15.2919999364931
"740",740,16.4614260181113,14.0467246969449,15.2920156126076
"741",741,16.4614541510854,14.0467472402266,15.2920312328
"742",742,16.4614821889575,14.0467697067572,15.2920467973447
"743",743,16.4615101321767,14.0467920969008,15.2920623065146
"744",744,16.4615379811892,14.0468144110195,15.2920777605808
"745",745,16.4615657364385,14.046836649473,15.2920931598128
"746",746,16.4615933983657,14.046858812619,15.2921085044783
"747",747,16.4616209674089,14.0468809008128,15.2921237948435
"748",748,16.4616484440037,14.0469029144079,15.2921390311728
"749",749,16.4616758285831,14.0469248537553,15.292154213729
"750",750,16.4617031215775,14.0469467192041,15.2921693427732
"751",751,16.4617303234146,14.0469685111011,15.2921844185652
"752",752,16.4617574345197,14.0469902297914,15.2921994413628
"753",753,16.4617844553154,14.0470118756176,15.2922144114225
"754",754,16.4618113862219,14.0470334489205,15.2922293289989
"755",755,16.4618382276569,14.0470549500387,15.2922441943455
"756",756,16.4618649800355,14.047076379309,15.2922590077138
"757",757,16.4618916437703,14.0470977370658,15.2922737693539
"758",758,16.4619182192717,14.047119023642,15.2922884795146
"759",759,16.4619447069473,14.047140239368,15.2923031384428
"760",760,16.4619711072026,14.0471613845727,15.2923177463841
"761",761,16.4619974204405,14.0471824595827,15.2923323035827
"762",762,16.4620236470617,14.0472034647229,15.2923468102811
"763",763,16.4620497874643,14.047224400316,15.2923612667204
"764",764,16.4620758420442,14.0472452666831,15.2923756731403
"765",765,16.4621018111949,14.0472660641433,15.292390029779
"766",766,16.4621276953078,14.0472867930136,15.2924043368732
"767",767,16.4621534947716,14.0473074536094,15.2924185946582
"768",768,16.4621792099731,14.0473280462442,15.2924328033679
"769",769,16.4622048412966,14.0473485712295,15.2924469632349
"770",770,16.4622303891242,14.0473690288751,15.2924610744901
"771",771,16.4622558538359,14.0473894194889,15.2924751373634
"772",772,16.4622812358092,14.047409743377,15.292489152083
"773",773,16.4623065354197,14.0474300008439,15.2925031188757
"774",774,16.4623317530407,14.0474501921922,15.2925170379673
"775",775,16.4623568890433,14.0474703177225,15.2925309095819
"776",776,16.4623819437964,14.047490377734,15.2925447339425
"777",777,16.4624069176668,14.0475103725239,15.2925585112705
"778",778,16.4624318110193,14.0475303023879,15.2925722417862
"779",779,16.4624566242164,14.0475501676197,15.2925859257085
"780",780,16.4624813576186,14.0475699685117,15.2925995632551
"781",781,16.4625060115843,14.0475897053541,15.2926131546422
"782",782,16.4625305864698,14.0476093784359,15.2926267000849
"783",783,16.4625550826295,14.0476289880441,15.2926401997969
"784",784,16.4625795004156,14.0476485344641,15.2926536539908
"785",785,16.4626038401783,14.0476680179798,15.2926670628778
"786",786,16.4626281022658,14.0476874388734,15.2926804266679
"787",787,16.4626522870244,14.0477067974254,15.2926937455698
"788",788,16.4626763947983,14.0477260939148,15.292707019791
"789",789,16.4627004259298,14.0477453286189,15.2927202495379
"790",790,16.4627243807592,14.0477645018134,15.2927334350156
"791",791,16.4627482596249,14.0477836137726,15.2927465764279
"792",792,16.4627720628634,14.047802664769,15.2927596739775
"793",793,16.4627957908091,14.0478216550737,15.2927727278659
"794",794,16.4628194437949,14.0478405849562,15.2927857382935
"795",795,16.4628430221513,14.0478594546845,15.2927987054594
"796",796,16.4628665262073,14.0478782645251,15.2928116295616
"797",797,16.46288995629,14.0478970147428,15.2928245107969
"798",798,16.4629133127246,14.0479157056011,15.2928373493611
"799",799,16.4629365958343,14.047934337362,15.2928501454487
"800",800,16.4629598059406,14.0479529102859,15.2928628992531
"801",801,16.4629829433634,14.0479714246318,15.2928756109666
"802",802,16.4630060084205,14.0479898806572,15.2928882807805
"803",803,16.4630290014282,14.0480082786183,15.2929009088848
"804",804,16.4630519227006,14.0480266187696,15.2929134954685
"805",805,16.4630747725504,14.0480449013644,15.2929260407195
"806",806,16.4630975512886,14.0480631266544,15.2929385448247
"807",807,16.4631202592241,14.0480812948901,15.2929510079697
"808",808,16.4631428966645,14.0480994063203,15.2929634303393
"809",809,16.4631654639153,14.0481174611927,15.2929758121171
"810",810,16.4631879612806,14.0481354597535,15.2929881534856
"811",811,16.4632103890626,14.0481534022474,15.2930004546264
"812",812,16.463232747562,14.0481712889179,15.29301271572
"813",813,16.4632550370777,14.0481891200072,15.2930249369457
"814",814,16.463277257907,14.048206895756,15.2930371184821
"815",815,16.4632994103456,14.0482246164037,15.2930492605065
"816",816,16.4633214946874,14.0482422821884,15.2930613631953
"817",817,16.4633435112248,14.0482598933468,15.293073426724
"818",818,16.4633654602487,14.0482774501145,15.293085451267
"819",819,16.4633873420482,14.0482949527256,15.2930974369976
"820",820,16.4634091569108,14.0483124014129,15.2931093840884
"821",821,16.4634309051227,14.0483297964081,15.2931212927107
"822",822,16.4634525869682,14.0483471379414,15.293133163035
"823",823,16.4634742027302,14.0483644262419,15.2931449952309
"824",824,16.4634957526901,14.0483816615373,15.293156789467
"825",825,16.4635172371277,14.0483988440543,15.2931685459109
"826",826,16.4635386563212,14.0484159740181,15.2931802647292
"827",827,16.4635600105474,14.0484330516528,15.2931919460877
"828",828,16.4635813000815,14.0484500771811,15.2932035901513
"829",829,16.4636025251974,14.0484670508248,15.2932151970838
"830",830,16.4636236861672,14.0484839728042,15.2932267670482
"831",831,16.4636447832617,14.0485008433386,15.2932383002066
"832",832,16.4636658167503,14.048517662646,15.2932497967201
"833",833,16.4636867869009,14.0485344309431,15.293261256749
"834",834,16.4637076939797,14.0485511484457,15.2932726804527
"835",835,16.463728538252,14.0485678153682,15.2932840679897
"836",836,16.4637493199811,14.0485844319241,15.2932954195175
"837",837,16.4637700394292,14.0486009983253,15.293306735193
"838",838,16.463790696857,14.0486175147831,15.2933180151719
"839",839,16.4638112925239,14.0486339815072,15.2933292596092
"840",840,16.4638318266878,14.0486503987065,15.2933404686592
"841",841,16.4638522996052,14.0486667665885,15.2933516424751
"842",842,16.4638727115313,14.0486830853598,15.2933627812094
"843",843,16.4638930627198,14.0486993552258,15.2933738850136
"844",844,16.4639133534234,14.0487155763908,15.2933849540386
"845",845,16.463933583893,14.0487317490581,15.2933959884342
"846",846,16.4639537543784,14.0487478734297,15.2934069883497
"847",847,16.4639738651281,14.0487639497067,15.2934179539333
"848",848,16.4639939163892,14.0487799780891,15.2934288853325
"849",849,16.4640139084074,14.0487959587758,15.293439782694
"850",850,16.4640338414274,14.0488118919646,15.2934506461637
"851",851,16.4640537156922,14.0488277778524,15.2934614758867
"852",852,16.4640735314439,14.0488436166348,15.2934722720073
"853",853,16.464093288923,14.0488594085067,15.293483034669
"854",854,16.464112988369,14.0488751536617,15.2934937640145
"855",855,16.4641326300199,14.0488908522924,15.2935044601858
"856",856,16.4641522141126,14.0489065045905,15.2935151233241
"857",857,16.4641717408827,14.0489221107466,15.2935257535698
"858",858,16.4641912105645,14.0489376709504,15.2935363510626
"859",859,16.4642106233913,14.0489531853904,15.2935469159413
"860",860,16.464229979595,14.0489686542544,15.2935574483443
"861",861,16.4642492794062,14.0489840777288,15.2935679484087
"862",862,16.4642685230544,14.0489994559995,15.2935784162714
"863",863,16.464287710768,14.0490147892511,15.2935888520683
"864",864,16.464306842774,14.0490300776673,15.2935992559346
"865",865,16.4643259192984,14.0490453214308,15.2936096280047
"866",866,16.464344940566,14.0490605207236,15.2936199684125
"867",867,16.4643639068002,14.0490756757264,15.293630277291
"868",868,16.4643828182236,14.0490907866192,15.2936405547725
"869",869,16.4644016750574,14.0491058535809,15.2936508009886
"870",870,16.4644204775218,14.0491208767895,15.2936610160702
"871",871,16.4644392258356,14.0491358564223,15.2936712001477
"872",872,16.4644579202168,14.0491507926555,15.2936813533505
"873",873,16.464476560882,14.0491656856642,15.2936914758075
"874",874,16.464495148047,14.0491805356229,15.2937015676468
"875",875,16.4645136819261,14.049195342705,15.293711628996
"876",876,16.4645321627328,14.0492101070832,15.2937216599818
"877",877,16.4645505906794,14.0492248289291,15.2937316607303
"878",878,16.464568965977,14.0492395084136,15.293741631367
"879",879,16.4645872888358,14.0492541457066,15.2937515720168
"880",880,16.4646055594649,14.049268740977,15.2937614828038
"881",881,16.4646237780722,14.0492832943932,15.2937713638514
"882",882,16.4646419448646,14.0492978061225,15.2937812152825
"883",883,16.464660060048,14.0493122763312,15.2937910372193
"884",884,16.4646781238272,14.0493267051851,15.2938008297834
"885",885,16.4646961364059,14.0493410928488,15.2938105930957
"886",886,16.464714097987,14.0493554394863,15.2938203272764
"887",887,16.464732008772,14.0493697452608,15.2938300324453
"888",888,16.4647498689617,14.0493840103344,15.2938397087212
"889",889,16.4647676787557,14.0493982348686,15.2938493562227
"890",890,16.4647854383526,14.049412419024,15.2938589750676
"891",891,16.4648031479502,14.0494265629604,15.2938685653729
"892",892,16.464820807745,14.0494406668367,15.2938781272554
"893",893,16.4648384179327,14.0494547308112,15.2938876608308
"894",894,16.4648559787079,14.0494687550413,15.2938971662146
"895",895,16.4648734902643,14.0494827396834,15.2939066435216
"896",896,16.4648909527947,14.0494966848935,15.2939160928659
"897",897,16.4649083664908,14.0495105908264,15.2939255143611
"898",898,16.4649257315433,14.0495244576366,15.2939349081201
"899",899,16.464943048142,14.0495382854772,15.2939442742554
"900",900,16.464960316476,14.0495520745012,15.2939536128788
"901",901,16.4649775367329,14.0495658248603,15.2939629241015
"902",902,16.4649947091,14.0495795367057,15.2939722080342
"903",903,16.4650118337631,14.0495932101878,15.293981464787
"904",904,16.4650289109074,14.0496068454562,15.2939906944695
"905",905,16.4650459407172,14.0496204426599,15.2939998971906
"906",906,16.4650629233757,14.049634001947,15.2940090730587
"907",907,16.4650798590652,14.0496475234648,15.2940182221818
"908",908,16.4650967479673,14.04966100736,15.2940273446671
"909",909,16.4651135902625,14.0496744537787,15.2940364406213
"910",910,16.4651303861306,14.0496878628659,15.2940455101508
"911",911,16.4651471357501,14.0497012347663,15.2940545533611
"912",912,16.4651638392992,14.0497145696235,15.2940635703574
"913",913,16.4651804969548,14.0497278675806,15.2940725612444
"914",914,16.465197108893,14.04974112878,15.2940815261261
"915",915,16.4652136752892,14.0497543533634,15.294090465106
"916",916,16.4652301963177,14.0497675414716,15.2940993782871
"917",917,16.4652466721521,14.049780693245,15.2941082657721
"918",918,16.4652631029651,14.0497938088231,15.2941171276627
"919",919,16.4652794889287,14.0498068883447,15.2941259640606
"920",920,16.4652958302137,14.0498199319482,15.2941347750666
"921",921,16.4653121269905,14.0498329397709,15.2941435607813
"922",922,16.4653283794282,14.0498459119498,15.2941523213044
"923",923,16.4653445876956,14.0498588486209,15.2941610567356
"924",924,16.4653607519602,14.0498717499199,15.2941697671736
"925",925,16.465376872389,14.0498846159815,15.294178452717
"926",926,16.465392949148,14.0498974469399,15.2941871134638
"927",927,16.4654089824025,14.0499102429286,15.2941957495112
"928",928,16.465424972317,14.0499230040806,15.2942043609564
"929",929,16.465440919055,14.049935730528,15.2942129478958
"930",930,16.4654568227796,14.0499484224024,15.2942215104254
"931",931,16.4654726836527,14.0499610798348,15.2942300486408
"932",932,16.4654885018358,14.0499737029555,15.2942385626369
"933",933,16.4655042774891,14.0499862918941,15.2942470525084
"934",934,16.4655200107727,14.0499988467797,15.2942555183493
"935",935,16.4655357018453,14.0500113677407,15.2942639602533
"936",936,16.4655513508653,14.0500238549049,15.2942723783136
"937",937,16.46556695799,14.0500363083995,15.2942807726228
"938",938,16.4655825233762,14.0500487283511,15.2942891432733
"939",939,16.4655980471798,14.0500611148857,15.2942974903568
"940",940,16.4656135295559,14.0500734681285,15.2943058139646
"941",941,16.4656289706591,14.0500857882043,15.2943141141878
"942",942,16.465644370643,14.0500980752373,15.2943223911166
"943",943,16.4656597296607,14.0501103293511,15.2943306448411
"944",944,16.4656750478643,14.0501225506685,15.2943388754508
"945",945,16.4656903254054,14.050134739312,15.294347083035
"946",946,16.4657055624347,14.0501468954034,15.2943552676821
"947",947,16.4657207591024,14.0501590190639,15.2943634294806
"948",948,16.4657359155578,14.0501711104141,15.2943715685182
"949",949,16.4657510319496,14.050183169574,15.2943796848822
"950",950,16.4657661084256,14.0501951966631,15.2943877786597
"951",951,16.4657811451332,14.0502071918004,15.2943958499371
"952",952,16.465796142219,14.0502191551042,15.2944038988006
"953",953,16.4658110998287,14.0502310866923,15.2944119253359
"954",954,16.4658260181075,14.0502429866818,15.2944199296282
"955",955,16.4658408972,14.0502548551896,15.2944279117624
"956",956,16.4658557372498,14.0502666923316,15.2944358718229
"957",957,16.4658705384002,14.0502784982235,15.2944438098938
"958",958,16.4658853007936,14.0502902729803,15.2944517260587
"959",959,16.4659000245718,14.0503020167164,15.2944596204008
"960",960,16.4659147098758,14.0503137295459,15.294467493003
"961",961,16.4659293568462,14.050325411582,15.2944753439476
"962",962,16.4659439656227,14.0503370629377,15.2944831733167
"963",963,16.4659585363445,14.0503486837254,15.2944909811919
"964",964,16.46597306915,14.0503602740568,15.2944987676544
"965",965,16.4659875641771,14.0503718340432,15.2945065327852
"966",966,16.4660020215631,14.0503833637953,15.2945142766645
"967",967,16.4660164414444,14.0503948634236,15.2945219993726
"968",968,16.466030823957,14.0504063330376,15.2945297009891
"969",969,16.4660451692362,14.0504177727465,15.2945373815933
"970",970,16.4660594774166,14.0504291826592,15.294545041264
"971",971,16.4660737486323,14.0504405628838,15.29455268008
"972",972,16.4660879830167,14.050451913528,15.2945602981193
"973",973,16.4661021807026,14.050463234699,15.2945678954597
"974",974,16.4661163418221,14.0504745265035,15.2945754721787
"975",975,16.4661304665069,14.0504857890477,15.2945830283532
"976",976,16.466144554888,14.0504970224373,15.2945905640601
"977",977,16.4661586070956,14.0505082267776,15.2945980793756
"978",978,16.4661726232595,14.0505194021733,15.2946055743758
"979",979,16.4661866035089,14.0505305487286,15.2946130491361
"980",980,16.4662005479724,14.0505416665473,15.2946205037318
"981",981,16.4662144567779,14.0505527557327,15.2946279382379
"982",982,16.4662283300529,14.0505638163876,15.2946353527289
"983",983,16.4662421679241,14.0505748486144,15.2946427472789
"984",984,16.4662559705177,14.0505858525149,15.2946501219618
"985",985,16.4662697379595,14.0505968281906,15.2946574768511
"986",986,16.4662834703744,14.0506077757423,15.2946648120199
"987",987,16.466297167887,14.0506186952706,15.294672127541
"988",988,16.4663108306212,14.0506295868755,15.2946794234868
"989",989,16.4663244587004,14.0506404506564,15.2946866999296
"990",990,16.4663380522474,14.0506512867127,15.2946939569409
"991",991,16.4663516113844,14.0506620951428,15.2947011945924
"992",992,16.4663651362332,14.0506728760449,15.2947084129551
"993",993,16.4663786269148,14.0506836295169,15.2947156120997
"994",994,16.4663920835498,14.0506943556561,15.2947227920967
"995",995,16.4664055062584,14.0507050545592,15.2947299530162
"996",996,16.46641889516,14.0507157263228,15.2947370949281
"997",997,16.4664322503735,14.0507263710428,15.2947442179017
"998",998,16.4664455720174,14.0507369888147,15.2947513220062
"999",999,16.4664588602096,14.0507475797338,15.2947584073104
"1000",1000,16.4664721150674,14.0507581438946,15.2947654738828
